year,section_bucket,subsection,proposal_title,lead_agency,implementation_pathway,source_page,health_framed,commitment_text
2022,Public safety / gun violence,Part II-A: Stop Crime and Violence: Strengthen Proven Law Enforcement Strategies,Enrich Social Media Analysis to Identify Threats and Criminal Activity,,mixed,52,no,"The New York State Police use publicly available social media activity and posts to assist in identifying credible criminal activity happening in the state. But the pool of information is so large and rapidly changing that the State Police's current efforts only scratch the surface of what is possible to detect and interdict.

Governor Hochul will support enhancing the Social Media Analysis Unit at the NYSIC by staffing a team of analysts to perform daily analysis of publicly available social media activity - particularly that which pertains to school violence threats, gang activity, and illegal firearms - to tie information back to existing criminal investigations, initiate new investigations, and communicate information on threats to appropriate field personnel."
2022,Public safety / gun violence,Part II-A: Stop Crime and Violence: Strengthen Proven Law Enforcement Strategies,Establish Gun Intelligence Centers Across the State to Share Meaningful Crime Data,,executive_action,53,no,"The Federal Bureau of Alcohol, Tobacco, Firearms, and Explosives has developed the most comprehensive and effective Crime Gun Intelligence Centers (CGIC) in the nation, one of which is already being used by the New York City Police Department. The centers use the National Integrated Ballistics Information Network to link crimes, identify groups involved in shootings, and pinpoint where illegal guns are coming from in a timely manner - providing investigators with actionable intelligence and assisting law enforcement in reducing gun violence.

Linking data across the state would enable law enforcement to pursue more cases against irresponsible gun dealers and straw purchasers. Therefore, Governor Hochul will establish a CGIC in every region of New York State, equipped with instruments that trace shell casings and qualified staff to collect and compare ballistic evidence. This capability will ensure the State Police will be able to effectively solve major crimes and disrupt interstate trafficking of illegal firearms."
2022,Public safety / gun violence,Part II-A: Stop Crime and Violence: Strengthen Proven Law Enforcement Strategies,Expand the Level and Scope of the State’s Direct Support to Local Law Enforcement,DCJS,mixed,50,no,"New York's nationally recognized Gun Involved Violence Elimination (GIVE) initiative within the Division of Criminal Justice Services (DCJS) provides dedicated State funding to local law enforcement agencies within the 17 counties in which more than 80 percent of the state's violent crime is committed outside of New York City. GIVE funding supports the hiring of officers and prosecutors and promotes the implementation of evidence-based law enforcement strategies, such as local intelligence-led policing focused on the small number of individuals responsible for a disproportionate share of violence within the community, and hyper-local efforts to direct policing resources and improve physical conditions in neighborhoods that have become hotspots for violent crime.

To continue supporting local law enforcement, Governor Hochul will increase funding for GIVE programs, enabling the launch of several new, critical initiatives to stop the surge of violence:

• Standing up a non-fatal shooting program to improve the often-abysmal clearance rate of these crimes, solving today's shootings that cause injury before they become tomorrow's fatal tragedies. • Supporting law enforcement participation in youth engagement and community-based programs that promote positive skills. • Implementing an alternative community supervision pilot program using the ""Swift, Certain, and Fair,"" model to reduce re-offenses and improve connections with employment.

Additionally, increased funding will support ongoing procedural justice and community trust-building technical assistance from DCJS between law enforcement, community-based organizations, and residents to ensure that our neighborhoods are safe for all New Yorkers."
2022,Public safety / gun violence,Part II-A: Stop Crime and Violence: Strengthen Proven Law Enforcement Strategies,"Form a Gun Tracing Consortium with Local Law Enforcement Agencies, and Neighboring States",,mixed,49,no,"Much of New York's recent surge in gun violence is fueled by easily obtainable firearms and a rise in ghost guns, with most of these weapons trafficked into and throughout the state from other areas of the country. To take a holistic and proactive approach to regional law enforcement, Governor Hochul will direct the State Police to form a new Interstate Gun-Tracing Consortium to facilitate the exchange of intelligence between localities and neighboring states.

The consortium would include the New York State Police, local law enforcement agencies from across the state, and law enforcement agencies in neighboring states. Their efforts will focus on real-time intelligence exchange and operational coordination targeting gun interdiction.

While other coalitions have tried to attack this problem before, they typically focus on activity within a major city. This new task force will attack the root of the trafficking problem by stretching beyond city limits - and onto the highways and interstate lines where guns move. By combining forces, the states and localities in this coalition will leverage their individual efforts to greater effect."
2022,Public safety / gun violence,Part II-A: Stop Crime and Violence: Strengthen Proven Law Enforcement Strategies,Invest in New York’s Crime Analysis Center Network,,executive_budget,51,no,"New York's Crime Analysis Centers (CACs) collect and share criminal intelligence and data among over 350 state and local law enforcement agencies, serving as the backbone of efforts to deter, investigate, and solve crimes including murders,

shootings, robberies, hate crimes, and serial burglaries. New York's CAC network has become a central part of the state's crime reduction strategy. In 2020, the current network of 10 CACs assisted local law enforcement agencies across the state with more than 60,000 requests for information and research, helping New York become and remain the safest large state (over 10 million people) in the nation.37

Despite these successes, the CAC network has been overtaxed by dramatic growth in terms of geographic coverage areas and demand for real-time services and intelligence products by the partner law enforcement agencies across more than 30 counties. Moreover, funding has been delivered through a patchwork of resources, including several federal sources that have declined in recent years.

To strengthen the work of the CAC network, Governor Hochul will establish a stable funding stream and increase current funding levels, enabling more proactive and effective crime analysis services that reflect today's crime trends. This investment will allow for new crime analysis technology, additional crime analysts, and enhanced investigative support to help police and prosecutors more effectively solve and prevent crime, and protect New Yorkers.

Additionally, each center will have dedicated crime gun and ballistic tracing equipment installed to allow local law enforcement to process evidence to solve and prevent firearm-involved violent crime, adding critical crime gun intelligence resources as an additional capability to the state's GIVE efforts (mentioned above)."
2022,Public safety / gun violence,Part II-B: Stop Crime and Violence: Strengthen Proven Community-Based Programs,Provide Additional Law Enforcement Training on the State’s Red Flag Law to Protect New Yorkers,,mixed,58,no,"In August 2019,40 New York's Red Flag Law took effect, allowing family members, law enforcement, and school officials to ""flag"" individuals likely to engage in conduct that would result in serious harm to themselves or others. Flagged individuals are reviewed by the courts to determine whether to temporarily seize firearms from individuals believed to pose a severe threat of harm to themselves or to others; and to prevent these individuals from purchasing, possessing, or attempting to purchase or possess any type of firearm, including handguns, rifles, or shotguns. To date, more than 1,100 orders have been issued, but regional and local disparities indicate that additional training would be helpful for potential petitioners, including law enforcement officials and domestic violence advocates.

To improve the use and implementation of this lifesaving law, Governor Hochul will direct State-led Red Flag Law trainings in each region of New York over the coming year to ensure this law is fully implemented."
2022,Public safety / gun violence,Part II-B: Stop Crime and Violence: Strengthen Proven Community-Based Programs,Respond to Regional Needs in the Aftermath of Gun Violence,,mixed,57,no,"There is a need for new and innovative strategies that reach the people and places that have been hardest hit by the spike in gun violence, particularly New York's most vulnerable young people. Governor Hochul will establish a new initiative to fund innovative community empowerment and crime-reduction strategies that bring together all those impacted by gun violence: residents, local governments, community-based organizations, schools, educational institutions, and law enforcement agencies.

Governor Hochul will direct DCJS to identify up to 10 areas of New York that have experienced the greatest increase in shooting incidents, injuries, fatalities, and firearm-involved crimes, and seek comprehensive ""whole-of-neighborhood"" applications to support new partnerships and programs between government and community organizations aimed at repairing and rebuilding in the aftermath of violence, and serving the complex needs of communities victimized by crime involving guns. This community engagement process will also serve to better align different sources of state support to address gaps in, for instance, employment, education, public safety, health and mental healthcare, and housing."
2022,Public safety / gun violence,Part II-A: Stop Crime and Violence: Strengthen Proven Law Enforcement Strategies,Stop Cryptocurrency Crimes with New Software,,mixed,53,no,"There is a growing use of cryptocurrency among gun traffickers trying to evade law enforcement and New York's stringent gun laws, including a growing dark-web marketplaces for firearms and other contraband. Emerging tools would enable New York State Police to identify criminal transactions, including those involving the

purchase of illegal firearms for gun trafficking, and pursue the individuals and organizations involved.

Governor Hochul will fund the purchase of blockchain-analysis software to enhance the State's ability to proactively and reactively monitor cryptocurrency exchanges. The purchase of these tools will enable the State Police to support members of law enforcement who are increasingly responding to crimes involving cryptocurrency."
2022,Public safety / gun violence,Part II-B: Stop Crime and Violence: Strengthen Proven Community-Based Programs,Triple Investment in Community-Based Gun Violence Response,,executive_budget,55,no,"Just as New York's recovery from the COVID-19 pandemic has been uneven across the state, so has the persistence of gun violence within our communities. One effective effort to curb the cycle of gun violence has been the SNUG street outreach program, which supports neighborhood-based programs that promote community outreach, family engagement, and intervention to steer young people away from gun violence. With the spike in gun crimes that followed the onset of the pandemic, the State increased funding for SNUG on an emergency basis from $4. million to $10. million.

To strengthen and expand the State's approach to community-based gun violence response, Governor Hochul will sustain that emergency increase in SNUG funding levels and increase funding by an additional 50 percent in the coming year.

This significant investment in New York's communities will:

• Expand hospital-based community gun violence specialists from just eight of the state's trauma centers to all 22 to address hospital admissions for firearm-involved injuries.

• Expand the state's network of SNUG street outreach and community-based violence interruption programs to Niagara Falls, Utica, and Schenectady, all of which have experienced significant surges in gun violence since the onset of the pandemic. • Pilot a new initiative to provide wraparound services within the SNUG network to increase participation in programming by helping meet the basic needs of New York's most vulnerable young people. • Provide skills-based job-readiness and work-placement training for at-risk youth who are involved in the state's violence interruption work. • Launch a first-in-the-nation program to recruit and retain outreach workers and overcome one of the primary obstacles to scaling community-based violence prevention efforts.

Additionally, Governor Hochul will sustain the pandemic-related increase in funding for New York City-based violence interruption and hospital-based responder programs."
2022,Public safety / gun violence,Part II-A: Stop Crime and Violence: Strengthen Proven Law Enforcement Strategies,Triple Resources for State Police’s Crime Gun-Tracing Efforts,,mixed,49,no,"New York State has cutting-edge technology to identify firearm origins, straw purchasers, sales from recovered crime guns, and travel routes used by gun traffickers. But there remains a demand for a team of data analysts with the skills needed to deploy these tools most effectively toward preventing gun trafficking. To support law enforcement actions that shut down major gun traffickers, operations, and routes, Governor Hochul will triple the state's gun violence intelligence resources by staffing the New York State Intelligence Center (NYSIC) with a team of analysts necessary to process and investigate crime guns across the state faster than before."
2023,Public safety / justice,,Expand the State’s Gun Involved Violence Elimination Program,,mixed,74,no,"Expand the State's Gun-Involved Violence Elimination Program

The State's nationally recognized GIVE program uses evidence-based strategies to reduce shootings and save lives in the 20 jurisdictions hardest hit by gun violence, spread across 17 counties, that account for 80 percent of the violent crime that occurs outside of New York City.

Last year, Governor Hochul doubled the resources available to local law enforcement agencies through GIVE. These agencies have played a crucial role in reversing the upward trend in murders and shootings and returning most of the state to pre-pandemic levels of gun violence. To build on that success, Governor Hochul is proposing to again double GIVE funding, from $18 million to $36 million. This funding would be used to hire approximately 150 police officers and prosecutors dedicated to combating gun violence within their communities, while also supporting police

departments in their adoption of evidence-based strategies, such as hotspot policing, focused deterrence, crime prevention through environmental design, and street outreach. By pairing state resources with expert technical assistance, the State will help local law enforcement agencies focus on the small number of individuals responsible for most of the violence within their communities and rebuild the places most traumatized by persistent violent crime."
2023,Public safety / justice,,Expand the Work of Crime Analysis Centers and Include New York City,DCJS,mixed,78,no,"Fifteen years ago, New York launched a first-of-its-kind network of regional Crime Analysis Centers (CACs). These centers collect and share criminal intelligence and data among law enforcement agencies, but historically, they did not include New York City. Nonetheless, this network has become a national model and the backbone of state and local efforts to deter, investigate, and solve crimes, including murders, shootings, robberies, hate crimes, and serial burglaries, as well as those committed by national and regional organized criminal groups. Prior to 2021, the State invested just $8. million each year to support 10 centers, which served more than 350 law enforcement

agencies across 30 counties and handled more than 60,000 requests each year.

Last year, Governor Hochul established a dedicated $15 million funding stream to support this key public safety resource, which enabled the acquisition of new crime analysis technology, the deployment of additional crime analysts, and enhanced investigative support, as well as the installation of crime gun and ballistic tracing equipment to solve more violent crimes involving firearms. In order to build on that progress, and address the significant public safety challenges in New York City, now is the time to develop and expand crime analysis and intelligence sharing with New York City partners to ensure statewide coverage of this critical data-sharing collaborative.

Governor Hochul is directing the Division of Criminal Justice Services (DCJS), which administers the CAC network, to establish dedicated crime analysis and intelligence resources in New York City and partner with local and federal agencies to assist their crime prevention, investigation, and prosecution efforts. This new partnership will integrate with the existing regional crime analysis capabilities located within New

York's High Intensity Drug Trafficking Area (HIDTA) program, which is focused on disrupting the illegal narcotics trade and cycle of gun violence.

In addition, this expansion will allow for truly statewide data sharing to enable more proactive and effective strategies to combat criminal activity, which often crosses city, county, and state lines.

Finally, as part of the work of the CACs across the state, and to help solve gun crimes and reduce gun violence, Governor Hochul will work with prosecutors and police to begin sending DNA on all criminal guns in New York State can be sent to the statewide DNA database of people who have already been convicted of a gun- related crime and be analyzed more quickly. This will allow law enforcement to better assess crime scene evidence and solve cases involving gun crimes."
2023,Public safety / justice,,Hire Hundreds of New Prosecutors Around the State,,mixed,80,no,"District Attorneys (DAs) are a critical part of any effective public safety strategy. Effective prosecutorial work allows for fair, swift, and certain justice, which, in turn, deters crime. But DAs across the state are

straining to meet the challenges of recent years - from increases in gun violence, violent crime, and property crime, to new discovery requirements enacted in 2019, all of which have increased the workloads of the offices.

That is why Governor Hochul is going to more than triple the $12 million currently provided by the State's ""Aid to Prosecution"" program in order to hire hundreds of new prosecutors around the state. This unprecedented level of state support for DAs will help develop crime strategy plans and units, reduce case backlogs, and return New York to pre-pandemic numbers of pending cases."
2023,Public safety / justice,,Increase NYSP Participation on Federal Task Forces to Combat Violent Crime,,mixed,77,no,"The NYSP collaborates with federal and local partners on various task forces aimed at removing illegal guns and curbing violent crime. These task forces are critical to our mission of attacking illegal gun trafficking and violent crime on all fronts. Gun trafficking organizations and violent criminals operate across jurisdictional boundaries, making it more challenging for state and local law enforcement to investigate. NYSP currently has investigators who are designated full-time federal task force officers with the U.S. Marshals Service, the Drug Enforcement Administration (DEA), the Bureau of Alcohol, Tobacco and Firearms and Explosives (ATF),

the Federal Bureau of Investigation (FBI) and the Department of Homeland Security (DHS), among others. This year, Governor Hochul will fund additional investigators to broaden State participation on federal task forces aimed at curbing violent crime, as well as the Joint Terrorism Task Force (JTTF)."
2023,Public safety / justice,,Make Improvements to the State’s Bail Laws,,mixed,82,no,"There has been no aspect of the discussion around public safety more controversial than bail reform. Last year, Governor Hochul worked with the Legislature to make changes to the State's bail law, including an expansion of bail eligibility for repeat offenders and gun crimes.

Governor Hochul believes in the original goal of bail reform: to ensure that the size of someone's bank account should not determine whether they sit in jail or return home. The most consequential parts of bail reform eliminated cash bail for low-level offenses, and Governor Hochul stands by that watershed change.

At the same time, other parts of the bail law are contradictory on their face. On one hand, the law limits judges to making pretrial determinations based solely on the ""least restrictive means"" necessary to ensure a defendant's return to court. On the other hand, the law also directs judges to consider a range of other factors

when setting bail. This results in finger-pointing and confusion when defendants commit additional crimes of violence.

For serious crimes (those that remain eligible for bail), Governor Hochul believes the ""least restrictive"" standard should be eliminated. Data from before and after the enactment of bail reform actually shows that eliminating the ""least restrictive"" standard for bail- eligible offenses - while retaining it for less serious crimes - will not increase the overall rate of pretrial incarceration. Of course, we also must understand that changing our bail law will not automatically bring down crime. What it will do is make it crystal clear that judges do, in fact, have the discretion necessary to protect the safety of New Yorkers.

During this legislative session, Governor Hochul will work with the Legislature to make thoughtful changes to the bail law along these lines, consistent with the spirit behind its original passage, in order to restore confidence in our criminal justice system."
2023,Public safety / justice,,Rebuild the State Police with a Targeted Focus on Fighting Serious Crimes,,mixed,75,no,"The New York State Police (NYSP) plays a critical role in partnering with federal and local law enforcement to keep crime under control in communities across the state. Historically, however, the NYSP has had a broad mandate, with crime-fighting among a range of priorities for the agency. At the same time, the NYSP trooper headcount dwindled and is now significantly below full strength. Despite this, Governor Hochul's directive that the NYSP expand its work on gun violence has resulted in a 138 percent increase in gun seizures, with 2,026 guns seized between August 2021 and

December 2022, compared to 851 in the prior comparable period. Governor Hochul will now pursue a multi-pronged strategy to rebuild the NYSP and focus the entire agency on serious crime-fighting efforts."
2023,Public safety / justice,,Reduce Gun Violence and Violent Crime Amongst Individuals Under Parole Supervision,DOCCS,mixed,84,no,"A significant share of individuals arrested for a shooting are those under parole supervision and those who have recently left the Department of Corrections and Community Supervision (DOCCS) custody. This provides an opportunity to effectively focus preventive measures. To sharpen the State's response to gun violence among the population of individuals under parole supervision, Governor Hochul will take a series of actions:

• Establish a Supervision Against Violent Engagement (SAVE) Program in Buffalo, Syracuse, and Albany, based on a pilot program in Rochester. Individuals under parole supervision identified at the highest level of risk to reoffend will be placed on electronic monitoring and higher levels of supervision.

• Provide a full-time, senior parole officer to serve as a data coordinator for each of the GIVE jurisdictions to facilitate intelligence gathering and sharing at the local level.

• Embed a full-time, senior investigator within the Office of Special Investigations (OSI) at DOCCS in each of the State Police's gun violence task force jurisdictions to attend and gather cross- jurisdictional information."
2024,Public safety / justice,SECTION 2: KEEPING NEW YORKERS SAFE,Expand the Supervision Against Violent Engagement Program to Focus on Domestic Violence,,mixed,36,no,"Governor Hochul will direct funding to expand the Supervision Against Violent Engagement (SAVE) program to support closer supervision of parolees at high risk of committing domestic violence, ensuring that specially trained parole officers, with smaller caseloads, are assigned to these individuals. This builds on the work that the SAVE program, advanced in 2023, is already undertaking to tackle gun violence."
2024,Public safety / justice,SECTION 2: KEEPING NEW YORKERS SAFE,Fund GIVE Jurisdictions to Stop Cycles of Domestic Violence,,executive_budget,36,no,"The risk of domestic homicide increases by 500% when a firearm is present in the home. Building on the success of existing efforts to reduce gun violence and firearm-related violent crime, dedicated funding will be provided to law enforcement in GIVE jurisdictions to focus on domestic violence offenders in order to identify and engage with the most high- risk individuals and reduce recidivism."
2024,Schools / higher education,SECTION 7: GETTING BACK TO BASICS ON READING,"Fund Training for 20,000 Teachers in Effective Reading Instruction",,executive_budget,65,no,"Every day, teachers across the state pour their lives into supporting their students and instilling a love of reading. Their work makes a tangible difference in their students' lives and ensures a brighter future for New York State's economy and civic life.

To help further equip teachers with the resources they need, Governor Hochul is providing $10 million for teacher training programs to ensure teachers are prepared to utilize evidence-based reading standards in the classroom. The New York State United Teachers and the United Federation Teachers have already begun training thousands of teachers in the Science of Reading, and this funding will support the training of 20,000 additional teachers and elementary school teaching assistants."
2024,Health care,SECTION 14: IMPROVING THE HEALTH OF NEW YORKERS,Improve Public Health for All New Yorkers,,mixed,129,yes,"New York State continues to make immense progress in improving the health and well- being of New Yorkers over the last two decades, moving from 40th in the nation in 1990, to 28th in 2008, to 10th in 2018. Despite this progress, New York State still faces significant challenges. More than 40% of New York adults suffer from a chronic disease - such as asthma, cancer, heart disease, and more - and chronic diseases are responsible for 23% of all hospitalizations in New York State. Six out of every ten deaths in New York State are caused by chronic diseases, and heart disease and cancer account for more than half of all deaths in New York State. The health of New Yorkers is unfortunately not equitable - historically marginalized communities, including communities of color and those with special needs, are more greatly impacted by the health and safety of their environment and accessibility to quality care and services.

New York State has made strides in eliminating preventable epidemics, with the goal of decreasing the number of people living with diagnosed HIV. However, the state faces many outstanding public health challenges, especially in vulnerable populations. 74% of new HIV

diagnoses are for Black and Hispanic individuals, despite those groups accounting for only 34% of the population. There are five to 13 more deaths per 100,000 people from opioid overdoses for Black and Hispanic individuals than for white individuals. Despite efforts to create safer and healthier environments, gun violence impacts black and brown communities at higher rates than white communities. While New York State continues to improve its public health infrastructure, remaining information gaps undermine the State's ability to do even more to meet both the emergent and non-emergent needs of New Yorkers. In addition, dated and paper-based systems continue to create burdens and privacy concerns for healthcare providers and New Yorkers."
2024,Public safety / justice,SECTION 2: KEEPING NEW YORKERS SAFE,Prevent and Prosecute Domestic Violence,,mixed,34,no,"Domestic violence accounts for approximately 40% of felony assaults in New York City and 30% of aggravated assaults outside of New York City. Domestic homicides account for roughly 20% of homicides in any given year in the state. In New York, police departments respond to nearly eleven hundred domestic incident calls a day.

Many domestic violence offenders are never prosecuted, and dismissal rates remain high across the state but particularly in New York City. Absent prosecution, offenders' abusive behavior may continue and escalate. Given this, and consistent with Governor Hochul's longstanding commitment to supporting victims of domestic violence, New York will make bold investments in a set of proven strategies to increase the likelihood of successfully prosecuting domestic violence cases and seizing firearms, deter future violence among high-risk offenders, and help survivors recover and gain stability."
2024,Health care,SECTION 14: IMPROVING THE HEALTH OF NEW YORKERS,Reduce Gun Violence Through a Public Health Approach,DOH,mixed,134,yes,"New York State has been a leading voice in the national discourse around gun violence prevention. In Governor Hochul's action plan to prevent and reduce gun violence throughout New York State, the Office of Gun Violence Prevention (OGVP) was created in the New York State Department of Health to operate as the coordinating body for efforts across the state, bringing together key partners in the community, local municipalities, and state agencies to identify and implement a public health approach to curb gun violence in New York State.

Gun violence is the leading cause of premature death in the United States, costing the country approximately $557 billion per year and New York approximately $11. billion per year. In 2020, firearms became the leading cause of death for children under 19, surpassing traffic accidents for the first time ever. Guns are the leading method of suicide in the U.S., accounting for half of all suicide deaths. Black, Indigenous, and other people of color (BIPOC) across New York State have endured a disproportionate burden of gun violence, with Black New Yorkers being 10 times more likely to be killed with a gun than their white counterparts.105

Governor Hochul will direct the Department of Health's OGVP to implement a comprehensive set of strategies aimed at preventing gun violence. New York State will convene a Health Systems for Gun Violence Prevention Taskforce, charged with focusing on data infrastructure, firearm injury risk assessment screening, and hospital violence intervention strategies. The State will provide technical assistance to community-based organizations and hospitals across the state to align their hospital violence intervention programs with the recently signed Medicaid Reimbursement for Violence Prevention Programs legislation, which allows Medicaid beneficiaries impacted by community violence to receive violence prevention services from qualified community health workers.

New York State will also continue building public awareness to change the narrative on gun violence to discourage perpetuating stereotypes based on race and class that exacerbate racial injustice and health inequity. Building upon Governor Hochul's expansion of the Red Flag Law in June 2022 that allowed healthcare providers to file an Extreme Risk Protection Order petition to prevent individuals who show signs of being a threat to themselves or others from accessing any kind of firearm, New York State will offer training and awareness for healthcare providers. New York State will continue to invest in community- led youth programs in historically under-resourced communities that experience the highest rates of gun violence. Finally, New York State will create a syndromic surveillance system for firearm-related injuries and a dashboard for the public."
2024,Government operations / customer experience,SECTION 18: FIGHTING CYBER CRIME,Safeguard Teens from Online Sexual Exploitation,,mixed,164,no,"A 2022 Pew Research survey showed that 95% of teenagers are using social media and 46% of teenagers say they are on the internet almost constantly. These high rates of internet use by teenagers, coupled with recent technology advancements such as artificial intelligence and the use of manipulated fake images and videos (known as ""deepfakes""), mean that online harassment and internet-enabled crimes are increasingly impacting young people. The FBI has reported a troubling rise in a type of technology-facilitated abuse known as sextortion - in which a perpetrator threatens to distribute a victim's private and sensitive material if not provided with images of a sexual nature, sexual favors, or money. Perpetrators of sextortion most commonly target minors because of the long

periods of time they spend online and because minors are susceptible to grooming and manipulation by adults.

Data collected by the FBI shows a 1,000% increase in incidents of financial sextortion reported in the first six months of 2022 as compared to the same timeframe in 2021. In December 2022, the FBI issued a national public safety alert on financial sextortion schemes, citing over 7,000 reports of online financial sextortion of minors, of which 3,000 victims were as young as eight years old and were primarily boys, and more than a dozen suicides. FBI Director Christopher Wray noted that in particular, ""the FBI has seen a horrific increase in the reports of financial sextortion schemes targeting minor boys.""114

One of the most impactful ways to prevent sextortion is teaching minors about online safety, the potential consequences of sharing explicit content, the signs of manipulative behavior, and red flags indicative of potential sextortion attempts.115,116,117 In 2024, Governor Hochul will direct the Office for the Prevention of Domestic Violence (OPDV) to develop sextortion-focused training and technical assistance programs as well as a public- facing informational website and to conduct a public awareness campaign. The training and technical assistance programs will assist both gender-based violence support organizations and law enforcement agencies seeking to support victims and investigate sextortion crimes. The public-facing website will provide educational materials for guardians and other audiences. The public awareness campaign will use social media platforms to publicize the warning signs of sextortion, technology-facilitated abuse, and deepfakes."
2024,Housing / homelessness,SECTION 5: CREATING HOUSING TO DELIVER AFFORDABILITY,Streamline Regulatory Processes to Increase Housing Production,DEC,mixed,54,no,"At Governor Hochul's direction, the Department of Environmental Conservation (DEC) has begun its process to identify efficiencies in its State Environmental Quality Review (SEQR) regulations, including to promote environmentally friendly housing growth while maintaining critical protections for all communities. DEC is poised to commence stakeholder outreach in the beginning of this year. The Department of State (DOS) has adopted SEQR regulations that conform to DEC SEQR regulations and relate to variances for certain housing under the Uniform Fire Prevention and Building Code and State Energy Conservation Construction Code."
2025,"Chapter 11: Supporting Survivors of Sexual Assault, Gender-Based Violence, and Sex","Chapter 11: Supporting Survivors of Sexual Assault, Gender-Based Violence, and Sex",Dispossess Domestic Violence Abusers of Firearms,,mixed,91,no,"New York law currently lacks a specific crime that fully aligns with federal requirements for reporting domestic violence convictions to the Federal Bureau of Investigation's National Instant Criminal Background Checks System (NICS), allowing some abusers to evade firearm restrictions. To address this, a new crime of ""Domestic Violence"" will be created under the penal law, which can be charged concurrently with existing offenses, ensuring all elements necessary for federal reporting are automatically met. This change streamlines the process, eliminates factual inquiries, and ensures convicted abusers are entered into NICS, preventing them from accessing firearms."
2025,Chapter 14: Investing in Social Services and Equity 108,Chapter 14: Investing in Social Services and Equity 108,Enhance Veteran Suicide Prevention Initiatives,,mixed,117,no,"Veterans in New York experience suicide rates significantly higher than the general population, driven by high rates of post-traumatic stress disorder and depression. Approximately one in four New York veterans experience conditions that significantly increase their risk of suicide. Through the national Governor's Challenge to Prevent Suicide Among Service Members, Veterans, and Military Families, New York has developed innovative approaches to reducing veteran suicides.

To build on these efforts, Governor Hochul will secure new funding to expand suicide prevention initiatives. This will include enhanced risk assessment training, outreach tools, gun safety programs, and improved access to tele-mental health services for veterans statewide."
2025,Chapter 4: Investing in Safety 33,Chapter 4: Investing in Safety 33,Establish a Mass Violence Crisis Response Team,,executive_action,41,no,"Mass violence incidents, including the 2022 Tops supermarket shooting in Buffalo, have exposed gaps in New York State's ability to provide immediate support to victims and survivors. Delays in emergency funding, limited access to mental health services, and inadequate resources for basic needs have highlighted the need for a more effective response. To address these challenges, Governor Hochul will establish a Mass Violence Crisis Response Team, led by the Office of Victim Services (OVS) in partnership with the Division of Homeland Security and Emergency Services

(DHSES). This team will ensure rapid, coordinated support for survivors and their communities, addressing immediate needs in the aftermath of such events."
2025,Chapter 3: Helping Our Children Thrive 24,Chapter 3: Helping Our Children Thrive 24,Expand Media Literacy Effort to Combat Misinformation,,mixed,33,no,"The growing threat of mis/dis/mal-information is creating significant challenges, including radicalization, confusion during crises, and declining trust in factual information, with dangerous real-world consequences such as the Buffalo shooting and misinformation during the Maui wildfires of 2023. In response, Governor Hochul directed the New York State Division of Homeland Security and Emergency Services (DHSES) to develop a Media Literacy Toolkit to help educators teach students how to critically evaluate information.

Building on this work, Governor Hochul will direct DHSES to expand its media literacy efforts by creating a Teacher's Guide with age-specific examples, resources for parents and the public, and a public education campaign. These initiatives aim to equip the next generation with critical media literacy skills to navigate the complex information landscape."
2025,Chapter 12: Investing in Mental Health 92,Chapter 12: Investing in Mental Health 92,Support Community-Determined Wellness in Historically Marginalized Neighborhoods,,mixed,98,yes,"New York gained valuable insights into recovery and healing after the racially motivated Tops Supermarket shootings in East Buffalo, which claimed the lives of ten people in 2022. Intergenerational population-level trauma from decades of underinvestment, violence, and poverty led to an understandable distrust of a government attempting to respond with care and mental health support for a community in mourning. A new approach was needed, and through the

collective efforts of the East Buffalo community a new grassroots approach was developed and unique mental wellness programming emerged. The community convened in barbershops for mental wellness talks, supported father-son outings, hosted traditional African American healing circles, and united around music, dance, and artwork.

Governor Hochul will use the knowledge gained from the East Buffalo response and develop an innovative grant program to support community-driven, culturally responsive wellness programming in areas of the state that have experienced longstanding marginalization, violence, and poverty. Community-based organizations will gather together smaller grassroots entities that have an established neighborhood presence and a history of advocacy to develop population-specific mental wellness activities aimed at building resilience, healing generational trauma, and providing residents with opportunities to thrive."
2026,Chapter 7: Helping New York's Students Learn and Thrive 104,Chapter 7: Helping New York's Students Learn and Thrive 104,Back to Basics in Math: Transforming Math Learning through Quality Instruction and Professional Learning,SED,mixed,107,no,"Governor Hochul worked with teachers and school districts to ensure schools are teaching students to read the right way-by aligning instructional best practices with the evidence-based Science of Reading principles. As a result of these sweeping policy changes, and the hard work of our students and teachers, statewide reading proficiency rates have already begun to increase.

Building on that success, Governor Hochul will apply this model to the teaching of math, by proposing legislation to require the State Education Department (SED) to provide instructional best practices to school districts in the teaching of math, as well as guidance and resources to help educators select and implement curricula that align with state standards.

The State will also direct SUNY and CUNY to develop microcredentials in evidence-based math instruction to support New York's teachers and launch statewide professional learning opportunities in math instruction, including through regional hub pilots in New York's districts with the lowest math performance.

Together, these actions will support increased math learning for students, equip teachers across the state with evidence-based teaching techniques and materials, and create opportunities for professional learning."
2026,Chapter 2: Keeping New Yorkers Safe 44,Chapter 2: Keeping New Yorkers Safe 44,Cracking Down on 3D-Printed Firearms,DCJS,mixed,47,no,"Governor Hochul passed the strongest gun laws in the nation and made record investments in gun violence prevention, resulting in New York having the fewest shooting incidents statewide in recorded history in 2025. However, New York faces an emerging threat along with the rest of the nation-the proliferation of 3D-printed firearms and component parts. As 3D printers become more commonplace, so too have online gun blueprints-downloadable instructions that facilitate the manufacture of illegal, untraceable, easy-to-produce weapons.

Governor Hochul is taking a nation-leading stand to address this threat. She will crack down on illegal 3D-printed firearms by advancing first-in-the-nation legislation that will require minimum safety standards for 3D printers sold in New York include that these printers be equipped with basic technology that prevents the unlicensed, illegal production of lethal firearms and firearm parts. Legislation will task the New York State Division of Criminal Justice Services (DCJS) with leading a task force of experts to recommend regulations that will ensure New Yorkers are protected from these dangerous DIY weapons. Following the implementation of the resulting regulations, the

legislation will allow for recourse against any actor who sells a 3D printer in New York without equipping it with such technology.

To stem the unchecked distribution of digital blueprints that allow printers like those in middle school classrooms and private homes to churn out firearms, the Governor will advance legislation criminalizing the unlawful possession, sale, or distribution of blueprints that allow the printing of illegal guns and gun parts. The legislation will also add criminal penalties for the manufacture of 3D- printed firearms. Additionally, the Governor will direct the New York State Police (NYSP) to track both illegal 3D-printed firearms and sources of illegal design files, partnering with other law enforcement agencies to develop targeted interventions."
2026,Chapter 2: Keeping New Yorkers Safe 44,Chapter 2: Keeping New Yorkers Safe 44,Extending Orders of Protection,,mixed,55,no,"When defendants fail to appear in court, orders of protection-which can include stay-away provisions, no-contact requirements, and firearm surrender obligations-lose their enforceability at the very moments victims are most at risk. This loophole allows individuals to evade the consequences of court-ordered protections simply by failing to return to court, undermining victim safety and accountability.

Governor Hochul will close this loophole by requiring courts to automatically extend an order of protection when a defendant does not return to court. Judges will also be required to clearly notify defendants in advance that the order will remain in effect if they fail to appear. By strengthening continuity and accountability, the State will better protect victims and prevent dangerous gaps in enforcement."
2026,Chapter 2: Keeping New Yorkers Safe 44,Chapter 2: Keeping New Yorkers Safe 44,Sustaining Record Lows in Subway Crime by Putting Police on Platforms,,mixed,52,no,"2025 concluded with subway crime at its lowest level in 16 years, including 14. percent fewer major crimes in the transit system compared to 2019. Transit robberies fell to their lowest levels on record, while gun recoveries reached an all-time high. Subway ridership is up: in 2025, there were almost 1. billion trips, up 30% from 2022.

These gains-lower crime and higher ridership-are the result of the hard work of dedicated police officers, made possible by Governor Hochul's proactive investments in policing and mental health engagement strategies that promote order and public safety throughout the system. To ensure continued progress on subway safety, Governor Hochul will commit an additional $77 million for enhanced subway patrols in 2026. This funding will support the deployment of NYPD officers across the subway system to target those areas of greatest need and deliver the largest impact on enhancing rider safety."
2026,Chapter 2: Keeping New Yorkers Safe 44,Chapter 2: Keeping New Yorkers Safe 44,Taking Aim at DIY Machine Guns,,mixed,48,no,"Machine guns are illegal in every state and New York State's ban on assault and semi-automatic assault weapons has saved countless lives. Manufacturers should not be allowed to sell pistols that can be turned into fully automatic weapons-which can fire at a rate of up to 1,200 rounds per minute-with a tiny ""switch"" that can be easily purchased online or 3D-printed. However, certain firearm designs make it particularly easy to do just that, converting the weapon into a fully automatic machine gun that allows the shooter to spray bullets with a single pull of the trigger. Even though pistol converters are already illegal at the state and federal levels, these devices can be purchased illegally or 3D-printed at home, then installed in minutes.

Last year, Governor Hochul signed legislation that requires manufacturers to take reasonable steps to ensure that their firearms are not easily convertible into machine guns. This year, she will build upon that effort and take further action to protect New Yorkers by requiring that all pistols sold in the state to private citizens be designed in a way that ensures they cannot quickly and easily be turned into DIY machine guns."
